<application>
  <component name="FindSettings">
    <option name="customScope" value="All Places" />
    <option name="defaultScopeName" value="All Places" />
    <option name="showResultsInSeparateView" value="true" />
    <option name="SHOW_RESULTS_IN_SEPARATE_VIEW" value="true" />
    <option name="SEARCH_SCOPE" value="All Places" />
    <mask>*.properties</mask>
    <mask>*.html</mask>
    <mask>*.jsp</mask>
    <mask>*.xml</mask>
    <mask>*.java</mask>
    <mask>*.as</mask>
    <mask>*.css</mask>
    <mask>*.mxml</mask>
    <mask>*info.yml</mask>
    <mask>*.install</mask>
    <mask>*.post_update</mask>
    <mask>*Formatter.php</mask>
    <mask>*menu.yml</mask>
    <mask>*.json</mask>
    <mask>*.scss</mask>
    <mask>*.php</mask>
    <mask>*.post_update.php</mask>
    <mask>*.js</mask>
    <mask>*.twig</mask>
    <mask>*.yml</mask>
  </component>
</application>