<application>
  <component name="ProjectManager">
    <defaultProject>
      <component name="Encoding">
        <file url="PROJECT" charset="UTF-8" />
      </component>
      <component name="NodePackageJsonFileManager">
        <packageJsonPaths />
      </component>
      <component name="PhpCodeSniffer">
        <phpcs_settings>
          <PhpCSConfiguration standards="Drupal;DrupalPractice;MySource;PEAR;PHPCS;PSR1;PSR2;Squiz;Zend" tool_path="$USER_HOME$/.composer/vendor/bin/phpcs " />
        </phpcs_settings>
      </component>
      <component name="PropertiesComponent">
        <property name="settings.editor.selected.configurable" value="preferences.lookFeel" />
      </component>
    </defaultProject>
  </component>
</application>