<application>
  <component name="RemoteServerClientLibraries">
    <client-library id="docker-2.6.0">
      <file path="$USER_HOME$/.PhpStorm2017.2/system/remote-server-libraries/docker-2.6.0/aopalliance-repackaged-2.4.0-b34.jar" />
      <file path="$USER_HOME$/.PhpStorm2017.2/system/remote-server-libraries/docker-2.6.0/commons-cli-1.3.1.jar" />
      <file path="$USER_HOME$/.PhpStorm2017.2/system/remote-server-libraries/docker-2.6.0/commons-codec-1.10.jar" />
      <file path="$USER_HOME$/.PhpStorm2017.2/system/remote-server-libraries/docker-2.6.0/bcpkix-jdk15on-1.54.jar" />
      <file path="$USER_HOME$/.PhpStorm2017.2/system/remote-server-libraries/docker-2.6.0/commons-io-2.5.jar" />
      <file path="$USER_HOME$/.PhpStorm2017.2/system/remote-server-libraries/docker-2.6.0/commons-compress-1.12.jar" />
      <file path="$USER_HOME$/.PhpStorm2017.2/system/remote-server-libraries/docker-2.6.0/commons-lang-2.6.jar" />
      <file path="$USER_HOME$/.PhpStorm2017.2/system/remote-server-libraries/docker-2.6.0/hk2-api-2.4.0-b34.jar" />
      <file path="$USER_HOME$/.PhpStorm2017.2/system/remote-server-libraries/docker-2.6.0/hk2-locator-2.4.0-b34.jar" />
      <file path="$USER_HOME$/.PhpStorm2017.2/system/remote-server-libraries/docker-2.6.0/docker-java-3.0.10.jar" />
      <file path="$USER_HOME$/.PhpStorm2017.2/system/remote-server-libraries/docker-2.6.0/hk2-utils-2.4.0-b34.jar" />
      <file path="$USER_HOME$/.PhpStorm2017.2/system/remote-server-libraries/docker-2.6.0/bcprov-jdk15on-1.54.jar" />
      <file path="$USER_HOME$/.PhpStorm2017.2/system/remote-server-libraries/docker-2.6.0/jackson-annotations-2.6.0.jar" />
      <file path="$USER_HOME$/.PhpStorm2017.2/system/remote-server-libraries/docker-2.6.0/httpcore-4.4.5.jar" />
      <file path="$USER_HOME$/.PhpStorm2017.2/system/remote-server-libraries/docker-2.6.0/jackson-core-2.6.4.jar" />
      <file path="$USER_HOME$/.PhpStorm2017.2/system/remote-server-libraries/docker-2.6.0/httpclient-4.5.jar" />
      <file path="$USER_HOME$/.PhpStorm2017.2/system/remote-server-libraries/docker-2.6.0/jackson-jaxrs-base-2.6.4.jar" />
      <file path="$USER_HOME$/.PhpStorm2017.2/system/remote-server-libraries/docker-2.6.0/jackson-jaxrs-json-provider-2.6.4.jar" />
      <file path="$USER_HOME$/.PhpStorm2017.2/system/remote-server-libraries/docker-2.6.0/jackson-module-jaxb-annotations-2.6.4.jar" />
      <file path="$USER_HOME$/.PhpStorm2017.2/system/remote-server-libraries/docker-2.6.0/javax.annotation-api-1.2.jar" />
      <file path="$USER_HOME$/.PhpStorm2017.2/system/remote-server-libraries/docker-2.6.0/jackson-databind-2.6.4.jar" />
      <file path="$USER_HOME$/.PhpStorm2017.2/system/remote-server-libraries/docker-2.6.0/javax.inject-2.4.0-b34.jar" />
      <file path="$USER_HOME$/.PhpStorm2017.2/system/remote-server-libraries/docker-2.6.0/javax.websocket-client-api-1.1.jar" />
      <file path="$USER_HOME$/.PhpStorm2017.2/system/remote-server-libraries/docker-2.6.0/jcl-over-slf4j-1.7.21.jar" />
      <file path="$USER_HOME$/.PhpStorm2017.2/system/remote-server-libraries/docker-2.6.0/javax.ws.rs-api-2.0.1.jar" />
      <file path="$USER_HOME$/.PhpStorm2017.2/system/remote-server-libraries/docker-2.6.0/javassist-3.18.1-GA.jar" />
      <file path="$USER_HOME$/.PhpStorm2017.2/system/remote-server-libraries/docker-2.6.0/guava-18.0.jar" />
      <file path="$USER_HOME$/.PhpStorm2017.2/system/remote-server-libraries/docker-2.6.0/jersey-apache-connector-2.23.1.jar" />
      <file path="$USER_HOME$/.PhpStorm2017.2/system/remote-server-libraries/docker-2.6.0/jersey-client-2.23.1.jar" />
      <file path="$USER_HOME$/.PhpStorm2017.2/system/remote-server-libraries/docker-2.6.0/jersey-common-2.23.1.jar" />
      <file path="$USER_HOME$/.PhpStorm2017.2/system/remote-server-libraries/docker-2.6.0/jersey-guava-2.23.1.jar" />
      <file path="$USER_HOME$/.PhpStorm2017.2/system/remote-server-libraries/docker-2.6.0/junixsocket-common-2.0.4.jar" />
      <file path="$USER_HOME$/.PhpStorm2017.2/system/remote-server-libraries/docker-2.6.0/junixsocket-native-common-2.0.4.jar" />
      <file path="$USER_HOME$/.PhpStorm2017.2/system/remote-server-libraries/docker-2.6.0/native-lib-loader-2.0.2.jar" />
      <file path="$USER_HOME$/.PhpStorm2017.2/system/remote-server-libraries/docker-2.6.0/netty-transport-native-epoll-4.1.12.Final-linux-x86_64.jar" />
      <file path="$USER_HOME$/.PhpStorm2017.2/system/remote-server-libraries/docker-2.6.0/osgi-resource-locator-1.0.1.jar" />
      <file path="$USER_HOME$/.PhpStorm2017.2/system/remote-server-libraries/docker-2.6.0/slf4j-api-1.7.21.jar" />
      <file path="$USER_HOME$/.PhpStorm2017.2/system/remote-server-libraries/docker-2.6.0/snakeyaml-1.15.jar" />
      <file path="$USER_HOME$/.PhpStorm2017.2/system/remote-server-libraries/docker-2.6.0/tomcat-juli-8.0.22.jar" />
      <file path="$USER_HOME$/.PhpStorm2017.2/system/remote-server-libraries/docker-2.6.0/log4j-1.2.17.jar" />
      <file path="$USER_HOME$/.PhpStorm2017.2/system/remote-server-libraries/docker-2.6.0/tomcat-util-8.0.22.jar" />
      <file path="$USER_HOME$/.PhpStorm2017.2/system/remote-server-libraries/docker-2.6.0/tomcat-websocket-8.0.22.jar" />
      <file path="$USER_HOME$/.PhpStorm2017.2/system/remote-server-libraries/docker-2.6.0/tomcat-servlet-api-8.0.22.jar" />
      <file path="$USER_HOME$/.PhpStorm2017.2/system/remote-server-libraries/docker-2.6.0/tomcat-websocket-api-8.0.22.jar" />
      <file path="$USER_HOME$/.PhpStorm2017.2/system/remote-server-libraries/docker-2.6.0/netty-all-4.1.12.Final.jar" />
      <file path="$USER_HOME$/.PhpStorm2017.2/system/remote-server-libraries/docker-2.6.0/aopalliance-repackaged-2.4.0-b34.jar" />
      <file path="$USER_HOME$/.PhpStorm2017.2/system/remote-server-libraries/docker-2.6.0/commons-cli-1.3.1.jar" />
      <file path="$USER_HOME$/.PhpStorm2017.2/system/remote-server-libraries/docker-2.6.0/bcpkix-jdk15on-1.54.jar" />
      <file path="$USER_HOME$/.PhpStorm2017.2/system/remote-server-libraries/docker-2.6.0/commons-codec-1.10.jar" />
      <file path="$USER_HOME$/.PhpStorm2017.2/system/remote-server-libraries/docker-2.6.0/commons-io-2.5.jar" />
      <file path="$USER_HOME$/.PhpStorm2017.2/system/remote-server-libraries/docker-2.6.0/commons-compress-1.12.jar" />
      <file path="$USER_HOME$/.PhpStorm2017.2/system/remote-server-libraries/docker-2.6.0/commons-lang-2.6.jar" />
      <file path="$USER_HOME$/.PhpStorm2017.2/system/remote-server-libraries/docker-2.6.0/docker-java-3.0.10.jar" />
      <file path="$USER_HOME$/.PhpStorm2017.2/system/remote-server-libraries/docker-2.6.0/hk2-locator-2.4.0-b34.jar" />
      <file path="$USER_HOME$/.PhpStorm2017.2/system/remote-server-libraries/docker-2.6.0/hk2-api-2.4.0-b34.jar" />
      <file path="$USER_HOME$/.PhpStorm2017.2/system/remote-server-libraries/docker-2.6.0/hk2-utils-2.4.0-b34.jar" />
      <file path="$USER_HOME$/.PhpStorm2017.2/system/remote-server-libraries/docker-2.6.0/httpcore-4.4.5.jar" />
      <file path="$USER_HOME$/.PhpStorm2017.2/system/remote-server-libraries/docker-2.6.0/jackson-annotations-2.6.0.jar" />
      <file path="$USER_HOME$/.PhpStorm2017.2/system/remote-server-libraries/docker-2.6.0/bcprov-jdk15on-1.54.jar" />
      <file path="$USER_HOME$/.PhpStorm2017.2/system/remote-server-libraries/docker-2.6.0/jackson-core-2.6.4.jar" />
      <file path="$USER_HOME$/.PhpStorm2017.2/system/remote-server-libraries/docker-2.6.0/jackson-jaxrs-base-2.6.4.jar" />
      <file path="$USER_HOME$/.PhpStorm2017.2/system/remote-server-libraries/docker-2.6.0/jackson-jaxrs-json-provider-2.6.4.jar" />
      <file path="$USER_HOME$/.PhpStorm2017.2/system/remote-server-libraries/docker-2.6.0/jackson-module-jaxb-annotations-2.6.4.jar" />
      <file path="$USER_HOME$/.PhpStorm2017.2/system/remote-server-libraries/docker-2.6.0/guava-18.0.jar" />
      <file path="$USER_HOME$/.PhpStorm2017.2/system/remote-server-libraries/docker-2.6.0/httpclient-4.5.jar" />
      <file path="$USER_HOME$/.PhpStorm2017.2/system/remote-server-libraries/docker-2.6.0/jackson-databind-2.6.4.jar" />
      <file path="$USER_HOME$/.PhpStorm2017.2/system/remote-server-libraries/docker-2.6.0/javassist-3.18.1-GA.jar" />
      <file path="$USER_HOME$/.PhpStorm2017.2/system/remote-server-libraries/docker-2.6.0/javax.inject-2.4.0-b34.jar" />
      <file path="$USER_HOME$/.PhpStorm2017.2/system/remote-server-libraries/docker-2.6.0/javax.annotation-api-1.2.jar" />
      <file path="$USER_HOME$/.PhpStorm2017.2/system/remote-server-libraries/docker-2.6.0/javax.websocket-client-api-1.1.jar" />
      <file path="$USER_HOME$/.PhpStorm2017.2/system/remote-server-libraries/docker-2.6.0/javax.ws.rs-api-2.0.1.jar" />
      <file path="$USER_HOME$/.PhpStorm2017.2/system/remote-server-libraries/docker-2.6.0/jcl-over-slf4j-1.7.21.jar" />
      <file path="$USER_HOME$/.PhpStorm2017.2/system/remote-server-libraries/docker-2.6.0/jersey-apache-connector-2.23.1.jar" />
      <file path="$USER_HOME$/.PhpStorm2017.2/system/remote-server-libraries/docker-2.6.0/jersey-client-2.23.1.jar" />
      <file path="$USER_HOME$/.PhpStorm2017.2/system/remote-server-libraries/docker-2.6.0/junixsocket-common-2.0.4.jar" />
      <file path="$USER_HOME$/.PhpStorm2017.2/system/remote-server-libraries/docker-2.6.0/junixsocket-native-common-2.0.4.jar" />
      <file path="$USER_HOME$/.PhpStorm2017.2/system/remote-server-libraries/docker-2.6.0/native-lib-loader-2.0.2.jar" />
      <file path="$USER_HOME$/.PhpStorm2017.2/system/remote-server-libraries/docker-2.6.0/log4j-1.2.17.jar" />
      <file path="$USER_HOME$/.PhpStorm2017.2/system/remote-server-libraries/docker-2.6.0/netty-transport-native-epoll-4.1.12.Final-linux-x86_64.jar" />
      <file path="$USER_HOME$/.PhpStorm2017.2/system/remote-server-libraries/docker-2.6.0/jersey-guava-2.23.1.jar" />
      <file path="$USER_HOME$/.PhpStorm2017.2/system/remote-server-libraries/docker-2.6.0/jersey-common-2.23.1.jar" />
      <file path="$USER_HOME$/.PhpStorm2017.2/system/remote-server-libraries/docker-2.6.0/osgi-resource-locator-1.0.1.jar" />
      <file path="$USER_HOME$/.PhpStorm2017.2/system/remote-server-libraries/docker-2.6.0/tomcat-juli-8.0.22.jar" />
      <file path="$USER_HOME$/.PhpStorm2017.2/system/remote-server-libraries/docker-2.6.0/slf4j-api-1.7.21.jar" />
      <file path="$USER_HOME$/.PhpStorm2017.2/system/remote-server-libraries/docker-2.6.0/snakeyaml-1.15.jar" />
      <file path="$USER_HOME$/.PhpStorm2017.2/system/remote-server-libraries/docker-2.6.0/tomcat-servlet-api-8.0.22.jar" />
      <file path="$USER_HOME$/.PhpStorm2017.2/system/remote-server-libraries/docker-2.6.0/tomcat-util-8.0.22.jar" />
      <file path="$USER_HOME$/.PhpStorm2017.2/system/remote-server-libraries/docker-2.6.0/tomcat-websocket-api-8.0.22.jar" />
      <file path="$USER_HOME$/.PhpStorm2017.2/system/remote-server-libraries/docker-2.6.0/tomcat-websocket-8.0.22.jar" />
      <file path="$USER_HOME$/.PhpStorm2017.2/system/remote-server-libraries/docker-2.6.0/netty-all-4.1.12.Final.jar" />
    </client-library>
  </component>
</application>