<application>
  <component name="StringManipulationState">
    <option name="columnAlignerHistory">
      <list>
        <ColumnAlignerModel>
          <option name="added" value="1610629694002" />
          <option name="columnSortOrder" value="" />
          <option name="maxSeparatorsPerLine" value="" />
          <option name="separators">
            <list>
              <option value="," />
            </list>
          </option>
        </ColumnAlignerModel>
      </list>
    </option>
  </component>
</application>