<application>
  <component name="ShowUsagesSettings">
    <option name="IS_FILTER_DUPLICATED_LINE" value="false" />
  </component>
  <component name="UsageViewSettings">
    <option name="IS_EXPANDED" value="true" />
    <option name="GROUP_BY_FILE_STRUCTURE" value="false" />
    <option name="GROUP_BY_PACKAGE" value="false" />
    <option name="GROUP_BY_USAGE_TYPE" value="false" />
    <option name="IS_PREVIEW_USAGES" value="true" />
    <option name="PREVIEW_USAGES_SPLITTER_PROPORTIONS" value="0.31376976" />
  </component>
</application>