<application>
  <component name="WebServers">
    <option name="servers">
      <webServer id="3ccf9855-4091-4d48-bd83-cfd988a9f309" name="serv_ofev" url="http://77.246.39.193">
        <fileTransfer host="77.246.39.193" port="22" rootFolder="/home/fr009d/public_html" accessType="SFTP" password="dfc3dfeedffedf9ddfdedf92dff8dfde" username="fr009d">
          <advancedOptions>
            <advancedOptions dataProtectionLevel="Private" />
          </advancedOptions>
        </fileTransfer>
      </webServer>
    </option>
  </component>
</application>