<?xml version="1.0" encoding="UTF-8"?>
<scheme name="Obsidian" version="1" parent_scheme="Default">
  <option name="LINE_SPACING" value="1.0" />
  <option name="EDITOR_FONT_SIZE" value="14" />
  <option name="EDITOR_FONT_NAME" value="Consolas" />
  <colors>
    <option name="ADDED_LINES_COLOR" value="9933" />
    <option name="CARET_COLOR" value="c1cbd2" />
    <option name="CARET_ROW_COLOR" value="252b2e" />
    <option name="CONSOLE_BACKGROUND_KEY" value="" />
    <option name="FILESTATUS_MODIFIED" value="ff" />
    <option name="GUTTER_BACKGROUND" value="3f4b4e" />
    <option name="INDENT_GUIDE" value="343f41" />
    <option name="LEFT_GUTTER_BACKGROUND" value="3f4b4e" />
    <option name="LINE_NUMBERS_COLOR" value="81969a" />
    <option name="METHOD_SEPARATORS_COLOR" value="464f53" />
    <option name="RIGHT_MARGIN_COLOR" value="666666" />
    <option name="SELECTED_INDENT_GUIDE" value="333333" />
    <option name="SELECTED_TEARLINE_COLOR" value="ffffff" />
    <option name="SELECTION_BACKGROUND" value="1b1b1b" />
    <option name="SELECTION_FOREGROUND" value="" />
    <option name="TEARLINE_COLOR" value="666666" />
    <option name="WHITESPACES" value="32393b" />
  </colors>
  <attributes>
    <option name="APACHE_CONFIG.ARG_LEXEM">
      <value>
        <option name="FOREGROUND" value="a5de78" />
        <option name="BACKGROUND" />
        <option name="FONT_TYPE" value="0" />
        <option name="EFFECT_COLOR" />
        <option name="EFFECT_TYPE" value="0" />
        <option name="ERROR_STRIPE_COLOR" />
      </value>
    </option>
    <option name="APACHE_CONFIG.IDENTIFIER">
      <value>
        <option name="FOREGROUND" value="729fcf" />
        <option name="BACKGROUND" />
        <option name="FONT_TYPE" value="0" />
        <option name="EFFECT_COLOR" />
        <option name="EFFECT_TYPE" value="0" />
        <option name="ERROR_STRIPE_COLOR" />
      </value>
    </option>
    <option name="BREAKPOINT_ATTRIBUTES">
      <value>
        <option name="FOREGROUND" />
        <option name="BACKGROUND" />
        <option name="FONT_TYPE" value="0" />
        <option name="EFFECT_COLOR" value="800000" />
        <option name="EFFECT_TYPE" value="0" />
        <option name="ERROR_STRIPE_COLOR" />
      </value>
    </option>
    <option name="BROWSEWORDATCARET">
      <value>
        <option name="FOREGROUND" />
        <option name="BACKGROUND" />
        <option name="FONT_TYPE" value="0" />
        <option name="EFFECT_COLOR" value="ffe124" />
        <option name="EFFECT_TYPE" value="0" />
        <option name="ERROR_STRIPE_COLOR" value="526da5" />
      </value>
    </option>
    <option name="CONSOLE_ERROR_OUTPUT">
      <value>
        <option name="FOREGROUND" value="ff5959" />
        <option name="BACKGROUND" />
        <option name="FONT_TYPE" value="0" />
        <option name="EFFECT_COLOR" />
        <option name="EFFECT_TYPE" value="0" />
        <option name="ERROR_STRIPE_COLOR" />
      </value>
    </option>
    <option name="CONSOLE_NORMAL_OUTPUT">
      <value>
        <option name="FOREGROUND" value="cccccc" />
        <option name="BACKGROUND" />
        <option name="FONT_TYPE" value="0" />
        <option name="EFFECT_COLOR" />
        <option name="EFFECT_TYPE" value="0" />
        <option name="ERROR_STRIPE_COLOR" />
      </value>
    </option>
    <option name="CONSOLE_SYSTEM_OUTPUT">
      <value>
        <option name="FOREGROUND" value="678cb1" />
        <option name="BACKGROUND" />
        <option name="FONT_TYPE" value="0" />
        <option name="EFFECT_COLOR" />
        <option name="EFFECT_TYPE" value="0" />
        <option name="ERROR_STRIPE_COLOR" />
      </value>
    </option>
    <option name="CSS.COMMENT">
      <value>
        <option name="FOREGROUND" value="66747b" />
        <option name="BACKGROUND" />
        <option name="FONT_TYPE" value="0" />
        <option name="EFFECT_COLOR" />
        <option name="EFFECT_TYPE" value="0" />
        <option name="ERROR_STRIPE_COLOR" />
      </value>
    </option>
    <option name="CSS.FUNCTION">
      <value>
        <option name="FOREGROUND" value="808080" />
        <option name="BACKGROUND" />
        <option name="FONT_TYPE" value="0" />
        <option name="EFFECT_COLOR" />
        <option name="EFFECT_TYPE" value="0" />
        <option name="ERROR_STRIPE_COLOR" />
      </value>
    </option>
    <option name="CSS.IDENT">
      <value>
        <option name="FOREGROUND" value="93c763" />
        <option name="BACKGROUND" />
        <option name="FONT_TYPE" value="0" />
        <option name="EFFECT_COLOR" />
        <option name="EFFECT_TYPE" value="0" />
        <option name="ERROR_STRIPE_COLOR" />
      </value>
    </option>
    <option name="CSS.IMPORTANT">
      <value>
        <option name="FOREGROUND" value="ff9999" />
        <option name="BACKGROUND" />
        <option name="FONT_TYPE" value="0" />
        <option name="EFFECT_COLOR" />
        <option name="EFFECT_TYPE" value="0" />
        <option name="ERROR_STRIPE_COLOR" />
      </value>
    </option>
    <option name="CSS.KEYWORD">
      <value>
        <option name="FOREGROUND" value="a082bd" />
        <option name="BACKGROUND" />
        <option name="FONT_TYPE" value="0" />
        <option name="EFFECT_COLOR" />
        <option name="EFFECT_TYPE" value="1" />
        <option name="ERROR_STRIPE_COLOR" />
      </value>
    </option>
    <option name="CSS.NUMBER">
      <value>
        <option name="FOREGROUND" value="f0f0f0" />
        <option name="BACKGROUND" />
        <option name="FONT_TYPE" value="0" />
        <option name="EFFECT_COLOR" />
        <option name="EFFECT_TYPE" value="0" />
        <option name="ERROR_STRIPE_COLOR" />
      </value>
    </option>
    <option name="CSS.PROPERTY_NAME">
      <value>
        <option name="FOREGROUND" value="678cb1" />
        <option name="BACKGROUND" />
        <option name="FONT_TYPE" value="0" />
        <option name="EFFECT_COLOR" />
        <option name="EFFECT_TYPE" value="0" />
        <option name="ERROR_STRIPE_COLOR" />
      </value>
    </option>
    <option name="CSS.PROPERTY_VALUE">
      <value>
        <option name="FOREGROUND" value="f0f0f0" />
        <option name="BACKGROUND" />
        <option name="FONT_TYPE" value="0" />
        <option name="EFFECT_COLOR" />
        <option name="EFFECT_TYPE" value="0" />
        <option name="ERROR_STRIPE_COLOR" />
      </value>
    </option>
    <option name="CSS.STRING">
      <value>
        <option name="FOREGROUND" value="f0f0f0" />
        <option name="BACKGROUND" />
        <option name="FONT_TYPE" value="0" />
        <option name="EFFECT_COLOR" />
        <option name="EFFECT_TYPE" value="0" />
        <option name="ERROR_STRIPE_COLOR" />
      </value>
    </option>
    <option name="CSS.TAG_NAME">
      <value>
        <option name="FOREGROUND" value="d0d2b5" />
        <option name="BACKGROUND" />
        <option name="FONT_TYPE" value="0" />
        <option name="EFFECT_COLOR" />
        <option name="EFFECT_TYPE" value="0" />
        <option name="ERROR_STRIPE_COLOR" />
      </value>
    </option>
    <option name="CSS.URL">
      <value>
        <option name="FOREGROUND" />
        <option name="BACKGROUND" />
        <option name="FONT_TYPE" value="0" />
        <option name="EFFECT_COLOR" value="ffffff" />
        <option name="EFFECT_TYPE" value="1" />
        <option name="ERROR_STRIPE_COLOR" />
      </value>
    </option>
    <option name="CUSTOM_KEYWORD1_ATTRIBUTES">
      <value>
        <option name="FOREGROUND" value="729fcf" />
        <option name="BACKGROUND" />
        <option name="FONT_TYPE" value="0" />
        <option name="EFFECT_COLOR" />
        <option name="EFFECT_TYPE" value="0" />
        <option name="ERROR_STRIPE_COLOR" />
      </value>
    </option>
    <option name="CUSTOM_KEYWORD2_ATTRIBUTES">
      <value>
        <option name="FOREGROUND" value="b547a9" />
        <option name="BACKGROUND" />
        <option name="FONT_TYPE" value="0" />
        <option name="EFFECT_COLOR" />
        <option name="EFFECT_TYPE" value="0" />
        <option name="ERROR_STRIPE_COLOR" />
      </value>
    </option>
    <option name="CUSTOM_KEYWORD3_ATTRIBUTES">
      <value>
        <option name="FOREGROUND" value="9d9d" />
        <option name="BACKGROUND" />
        <option name="FONT_TYPE" value="0" />
        <option name="EFFECT_COLOR" />
        <option name="EFFECT_TYPE" value="0" />
        <option name="ERROR_STRIPE_COLOR" />
      </value>
    </option>
    <option name="CUSTOM_KEYWORD4_ATTRIBUTES">
      <value>
        <option name="FOREGROUND" value="e84039" />
        <option name="BACKGROUND" />
        <option name="FONT_TYPE" value="0" />
        <option name="EFFECT_COLOR" />
        <option name="EFFECT_TYPE" value="0" />
        <option name="ERROR_STRIPE_COLOR" />
      </value>
    </option>
    <option name="CUSTOM_NUMBER_ATTRIBUTES">
      <value>
        <option name="FOREGROUND" />
        <option name="BACKGROUND" />
        <option name="FONT_TYPE" value="0" />
        <option name="EFFECT_COLOR" />
        <option name="EFFECT_TYPE" value="0" />
        <option name="ERROR_STRIPE_COLOR" />
      </value>
    </option>
    <option name="CUSTOM_STRING_ATTRIBUTES">
      <value>
        <option name="FOREGROUND" value="76dc4f" />
        <option name="BACKGROUND" />
        <option name="FONT_TYPE" value="0" />
        <option name="EFFECT_COLOR" />
        <option name="EFFECT_TYPE" value="0" />
        <option name="ERROR_STRIPE_COLOR" />
      </value>
    </option>
    <option name="CUSTOM_VALID_STRING_ESCAPE_ATTRIBUTES">
      <value>
        <option name="FOREGROUND" value="2f5fe4" />
        <option name="BACKGROUND" />
        <option name="FONT_TYPE" value="0" />
        <option name="EFFECT_COLOR" />
        <option name="EFFECT_TYPE" value="0" />
        <option name="ERROR_STRIPE_COLOR" />
      </value>
    </option>
    <option name="DBNavigator.TextAttributes.SQL.DataType">
      <value>
        <option name="FOREGROUND" value="66cc00" />
        <option name="BACKGROUND" />
        <option name="FONT_TYPE" value="0" />
        <option name="EFFECT_COLOR" />
        <option name="EFFECT_TYPE" value="0" />
        <option name="ERROR_STRIPE_COLOR" />
      </value>
    </option>
    <option name="DBNavigator.TextAttributes.SQL.Function">
      <value>
        <option name="FOREGROUND" value="0" />
        <option name="BACKGROUND" />
        <option name="FONT_TYPE" value="0" />
        <option name="EFFECT_COLOR" />
        <option name="EFFECT_TYPE" value="-1" />
        <option name="ERROR_STRIPE_COLOR" />
      </value>
    </option>
    <option name="DBNavigator.TextAttributes.SQL.Keyword">
      <value>
        <option name="FOREGROUND" value="c0c0c0" />
        <option name="BACKGROUND" />
        <option name="FONT_TYPE" value="0" />
        <option name="EFFECT_COLOR" />
        <option name="EFFECT_TYPE" value="0" />
        <option name="ERROR_STRIPE_COLOR" />
      </value>
    </option>
    <option name="DBNavigator.TextAttributes.SQL.Number">
      <value>
        <option name="FOREGROUND" value="808080" />
        <option name="BACKGROUND" />
        <option name="FONT_TYPE" value="0" />
        <option name="EFFECT_COLOR" />
        <option name="EFFECT_TYPE" value="0" />
        <option name="ERROR_STRIPE_COLOR" />
      </value>
    </option>
    <option name="DBNavigator.TextAttributes.SQL.String">
      <value>
        <option name="FOREGROUND" value="99cc00" />
        <option name="BACKGROUND" />
        <option name="FONT_TYPE" value="0" />
        <option name="EFFECT_COLOR" />
        <option name="EFFECT_TYPE" value="0" />
        <option name="ERROR_STRIPE_COLOR" />
      </value>
    </option>
    <option name="DELETED_TEXT_ATTRIBUTES">
      <value>
        <option name="FOREGROUND" value="919191" />
        <option name="BACKGROUND" value="f0f0f0" />
        <option name="FONT_TYPE" value="0" />
        <option name="EFFECT_COLOR" />
        <option name="EFFECT_TYPE" value="1" />
        <option name="ERROR_STRIPE_COLOR" />
      </value>
    </option>
    <option name="DEPRECATED_ATTRIBUTES">
      <value>
        <option name="FOREGROUND" />
        <option name="BACKGROUND" />
        <option name="FONT_TYPE" value="0" />
        <option name="EFFECT_COLOR" value="808080" />
        <option name="EFFECT_TYPE" value="3" />
        <option name="ERROR_STRIPE_COLOR" />
      </value>
    </option>
    <option name="DIFF_CONFLICT">
      <value>
        <option name="FOREGROUND" />
        <option name="BACKGROUND" value="7c2f20" />
        <option name="FONT_TYPE" value="0" />
        <option name="EFFECT_COLOR" />
        <option name="EFFECT_TYPE" value="0" />
        <option name="ERROR_STRIPE_COLOR" value="ff6647" />
      </value>
    </option>
    <option name="DIFF_DELETED">
      <value>
        <option name="FOREGROUND" />
        <option name="BACKGROUND" value="333333" />
        <option name="FONT_TYPE" value="0" />
        <option name="EFFECT_COLOR" />
        <option name="EFFECT_TYPE" value="0" />
        <option name="ERROR_STRIPE_COLOR" value="3d3d3d" />
      </value>
    </option>
    <option name="DIFF_INSERTED">
      <value>
        <option name="FOREGROUND" />
        <option name="BACKGROUND" value="336233" />
        <option name="FONT_TYPE" value="0" />
        <option name="EFFECT_COLOR" />
        <option name="EFFECT_TYPE" value="0" />
        <option name="ERROR_STRIPE_COLOR" value="2df32d" />
      </value>
    </option>
    <option name="DIFF_MODIFIED">
      <value>
        <option name="FOREGROUND" />
        <option name="BACKGROUND" value="3f5483" />
        <option name="FONT_TYPE" value="0" />
        <option name="EFFECT_COLOR" />
        <option name="EFFECT_TYPE" value="0" />
        <option name="ERROR_STRIPE_COLOR" value="3471ff" />
      </value>
    </option>
    <option name="DUPLICATE_FROM_SERVER">
      <value>
        <option name="FOREGROUND" value="0" />
        <option name="BACKGROUND" value="f5f7f0" />
        <option name="FONT_TYPE" value="0" />
        <option name="EFFECT_COLOR" />
        <option name="EFFECT_TYPE" value="0" />
        <option name="ERROR_STRIPE_COLOR" />
      </value>
    </option>
    <option name="EL.BOUNDS">
      <value>
        <option name="FOREGROUND" value="d955c1" />
        <option name="BACKGROUND" />
        <option name="FONT_TYPE" value="1" />
        <option name="EFFECT_COLOR" />
        <option name="EFFECT_TYPE" value="0" />
        <option name="ERROR_STRIPE_COLOR" />
      </value>
    </option>
    <option name="EL.BRACKETS">
      <value>
        <option name="FOREGROUND" value="e8e2b7" />
        <option name="BACKGROUND" />
        <option name="FONT_TYPE" value="0" />
        <option name="EFFECT_COLOR" />
        <option name="EFFECT_TYPE" value="0" />
        <option name="ERROR_STRIPE_COLOR" />
      </value>
    </option>
    <option name="EL.IDENT">
      <value>
        <option name="FOREGROUND" value="678cb1" />
        <option name="BACKGROUND" />
        <option name="FONT_TYPE" value="0" />
        <option name="EFFECT_COLOR" />
        <option name="EFFECT_TYPE" value="0" />
        <option name="ERROR_STRIPE_COLOR" />
      </value>
    </option>
    <option name="EL.KEYWORD">
      <value>
        <option name="FOREGROUND" value="93c763" />
        <option name="BACKGROUND" />
        <option name="FONT_TYPE" value="1" />
        <option name="EFFECT_COLOR" />
        <option name="EFFECT_TYPE" value="0" />
        <option name="ERROR_STRIPE_COLOR" />
      </value>
    </option>
    <option name="EL.NUMBER">
      <value>
        <option name="FOREGROUND" value="ffcd22" />
        <option name="BACKGROUND" />
        <option name="FONT_TYPE" value="0" />
        <option name="EFFECT_COLOR" />
        <option name="EFFECT_TYPE" value="0" />
        <option name="ERROR_STRIPE_COLOR" />
      </value>
    </option>
    <option name="EL.PARENTHS">
      <value>
        <option name="FOREGROUND" value="e8e2b7" />
        <option name="BACKGROUND" />
        <option name="FONT_TYPE" value="0" />
        <option name="EFFECT_COLOR" />
        <option name="EFFECT_TYPE" value="0" />
        <option name="ERROR_STRIPE_COLOR" />
      </value>
    </option>
    <option name="EL.STRING">
      <value>
        <option name="FOREGROUND" value="ec7600" />
        <option name="BACKGROUND" />
        <option name="FONT_TYPE" value="1" />
        <option name="EFFECT_COLOR" />
        <option name="EFFECT_TYPE" value="0" />
        <option name="ERROR_STRIPE_COLOR" />
      </value>
    </option>
    <option name="EL_BACKGROUND">
      <value>
        <option name="FOREGROUND" />
        <option name="BACKGROUND" />
        <option name="FONT_TYPE" value="0" />
        <option name="EFFECT_COLOR" />
        <option name="EFFECT_TYPE" value="0" />
        <option name="ERROR_STRIPE_COLOR" />
      </value>
    </option>
    <option name="EXECUTIONPOINT_ATTRIBUTES">
      <value>
        <option name="FOREGROUND" />
        <option name="BACKGROUND" />
        <option name="FONT_TYPE" value="0" />
        <option name="EFFECT_COLOR" value="ff" />
        <option name="EFFECT_TYPE" value="0" />
        <option name="ERROR_STRIPE_COLOR" />
      </value>
    </option>
    <option name="FOLDED_TEXT_ATTRIBUTES">
      <value>
        <option name="FOREGROUND" value="6a8088" />
        <option name="BACKGROUND" value="2f383c" />
        <option name="FONT_TYPE" value="2" />
        <option name="EFFECT_COLOR" />
        <option name="EFFECT_TYPE" value="1" />
        <option name="ERROR_STRIPE_COLOR" />
      </value>
    </option>
    <option name="FOLLOWED_HYPERLINK_ATTRIBUTES">
      <value>
        <option name="FOREGROUND" value="ccccff" />
        <option name="BACKGROUND" value="333333" />
        <option name="FONT_TYPE" value="2" />
        <option name="EFFECT_COLOR" value="666666" />
        <option name="EFFECT_TYPE" value="1" />
        <option name="ERROR_STRIPE_COLOR" />
      </value>
    </option>
    <option name="HTML_ATTRIBUTE_NAME">
      <value>
        <option name="FOREGROUND" value="999999" />
        <option name="BACKGROUND" />
        <option name="FONT_TYPE" value="0" />
        <option name="EFFECT_COLOR" />
        <option name="EFFECT_TYPE" value="1" />
        <option name="ERROR_STRIPE_COLOR" />
      </value>
    </option>
    <option name="HTML_ATTRIBUTE_VALUE">
      <value>
        <option name="FOREGROUND" value="a6de78" />
        <option name="BACKGROUND" />
        <option name="FONT_TYPE" value="0" />
        <option name="EFFECT_COLOR" />
        <option name="EFFECT_TYPE" value="0" />
        <option name="ERROR_STRIPE_COLOR" />
      </value>
    </option>
    <option name="HTML_COMMENT">
      <value>
        <option name="FOREGROUND" value="66747b" />
        <option name="BACKGROUND" />
        <option name="FONT_TYPE" value="0" />
        <option name="EFFECT_COLOR" />
        <option name="EFFECT_TYPE" value="0" />
        <option name="ERROR_STRIPE_COLOR" />
      </value>
    </option>
    <option name="HTML_ENTITY_REFERENCE">
      <value>
        <option name="FOREGROUND" value="c079ed" />
        <option name="BACKGROUND" />
        <option name="FONT_TYPE" value="0" />
        <option name="EFFECT_COLOR" />
        <option name="EFFECT_TYPE" value="0" />
        <option name="ERROR_STRIPE_COLOR" />
      </value>
    </option>
    <option name="HTML_TAG">
      <value>
        <option name="FOREGROUND" value="bfbfbf" />
        <option name="BACKGROUND" />
        <option name="FONT_TYPE" value="0" />
        <option name="EFFECT_COLOR" />
        <option name="EFFECT_TYPE" value="0" />
        <option name="ERROR_STRIPE_COLOR" />
      </value>
    </option>
    <option name="HTML_TAG_NAME">
      <value>
        <option name="FOREGROUND" value="668cb0" />
        <option name="BACKGROUND" />
        <option name="FONT_TYPE" value="0" />
        <option name="EFFECT_COLOR" />
        <option name="EFFECT_TYPE" value="5" />
        <option name="ERROR_STRIPE_COLOR" />
      </value>
    </option>
    <option name="HYPERLINK_ATTRIBUTES">
      <value>
        <option name="FOREGROUND" value="ccccff" />
        <option name="BACKGROUND" />
        <option name="FONT_TYPE" value="2" />
        <option name="EFFECT_COLOR" value="666666" />
        <option name="EFFECT_TYPE" value="1" />
        <option name="ERROR_STRIPE_COLOR" />
      </value>
    </option>
    <option name="IDENTIFIER_UNDER_CARET_ATTRIBUTES">
      <value>
        <option name="FOREGROUND" value="ffff66" />
        <option name="BACKGROUND" />
        <option name="FONT_TYPE" value="0" />
        <option name="EFFECT_COLOR" value="ffffff" />
        <option name="EFFECT_TYPE" value="1" />
        <option name="ERROR_STRIPE_COLOR" value="ccccff" />
      </value>
    </option>
    <option name="INFO_ATTRIBUTES">
      <value>
        <option name="FOREGROUND" />
        <option name="BACKGROUND" />
        <option name="FONT_TYPE" value="0" />
        <option name="EFFECT_COLOR" value="808080" />
        <option name="EFFECT_TYPE" value="2" />
        <option name="ERROR_STRIPE_COLOR" value="ffffcc" />
      </value>
    </option>
    <option name="INJECTED_LANGUAGE_FRAGMENT">
      <value>
        <option name="FOREGROUND" />
        <option name="BACKGROUND" value="292929" />
        <option name="FONT_TYPE" value="0" />
        <option name="EFFECT_COLOR" />
        <option name="EFFECT_TYPE" value="0" />
        <option name="ERROR_STRIPE_COLOR" />
      </value>
    </option>
    <option name="JS.ATTRIBUTE">
      <value>
        <option name="FOREGROUND" />
        <option name="BACKGROUND" value="660066" />
        <option name="FONT_TYPE" value="0" />
        <option name="EFFECT_COLOR" />
        <option name="EFFECT_TYPE" value="-1" />
        <option name="ERROR_STRIPE_COLOR" />
      </value>
    </option>
    <option name="JS.BADCHARACTER">
      <value>
        <option name="FOREGROUND" />
        <option name="BACKGROUND" value="660000" />
        <option name="FONT_TYPE" value="0" />
        <option name="EFFECT_COLOR" />
        <option name="EFFECT_TYPE" value="0" />
        <option name="ERROR_STRIPE_COLOR" />
      </value>
    </option>
    <option name="JS.BLOCK_COMMENT">
      <value>
        <option name="FOREGROUND" value="818e96" />
        <option name="BACKGROUND" />
        <option name="FONT_TYPE" value="0" />
        <option name="EFFECT_COLOR" />
        <option name="EFFECT_TYPE" value="0" />
        <option name="ERROR_STRIPE_COLOR" />
      </value>
    </option>
    <option name="JS.BRACES">
      <value>
        <option name="FOREGROUND" value="e8e2b7" />
        <option name="BACKGROUND" />
        <option name="FONT_TYPE" value="0" />
        <option name="EFFECT_COLOR" />
        <option name="EFFECT_TYPE" value="0" />
        <option name="ERROR_STRIPE_COLOR" />
      </value>
    </option>
    <option name="JS.BRACKETS">
      <value>
        <option name="FOREGROUND" value="e8e2b7" />
        <option name="BACKGROUND" />
        <option name="FONT_TYPE" value="0" />
        <option name="EFFECT_COLOR" />
        <option name="EFFECT_TYPE" value="0" />
        <option name="ERROR_STRIPE_COLOR" />
      </value>
    </option>
    <option name="JS.DOC_COMMENT">
      <value>
        <option name="FOREGROUND" value="6c788c" />
        <option name="BACKGROUND" />
        <option name="FONT_TYPE" value="0" />
        <option name="EFFECT_COLOR" />
        <option name="EFFECT_TYPE" value="0" />
        <option name="ERROR_STRIPE_COLOR" />
      </value>
    </option>
    <option name="JS.DOC_MARKUP">
      <value>
        <option name="FOREGROUND" />
        <option name="BACKGROUND" value="333333" />
        <option name="FONT_TYPE" value="0" />
        <option name="EFFECT_COLOR" />
        <option name="EFFECT_TYPE" value="0" />
        <option name="ERROR_STRIPE_COLOR" />
      </value>
    </option>
    <option name="JS.DOC_TAG">
      <value>
        <option name="FOREGROUND" />
        <option name="BACKGROUND" />
        <option name="FONT_TYPE" value="0" />
        <option name="EFFECT_COLOR" value="808080" />
        <option name="EFFECT_TYPE" value="1" />
        <option name="ERROR_STRIPE_COLOR" />
      </value>
    </option>
    <option name="JS.GLOBAL_VARIABLE">
      <value>
        <option name="FOREGROUND" />
        <option name="BACKGROUND" />
        <option name="FONT_TYPE" value="2" />
        <option name="EFFECT_COLOR" />
        <option name="EFFECT_TYPE" value="0" />
        <option name="ERROR_STRIPE_COLOR" />
      </value>
    </option>
    <option name="JS.INSTANCE_MEMBER_FUNCTION">
      <value>
        <option name="FOREGROUND" />
        <option name="BACKGROUND" />
        <option name="FONT_TYPE" value="0" />
        <option name="EFFECT_COLOR" />
        <option name="EFFECT_TYPE" value="-1" />
        <option name="ERROR_STRIPE_COLOR" />
      </value>
    </option>
    <option name="JS.INSTANCE_MEMBER_VARIABLE">
      <value>
        <option name="FOREGROUND" />
        <option name="BACKGROUND" />
        <option name="FONT_TYPE" value="0" />
        <option name="EFFECT_COLOR" />
        <option name="EFFECT_TYPE" value="0" />
        <option name="ERROR_STRIPE_COLOR" />
      </value>
    </option>
    <option name="JS.INVALID_STRING_ESCAPE">
      <value>
        <option name="FOREGROUND" value="c0c0c0" />
        <option name="BACKGROUND" value="660000" />
        <option name="FONT_TYPE" value="0" />
        <option name="EFFECT_COLOR" />
        <option name="EFFECT_TYPE" value="0" />
        <option name="ERROR_STRIPE_COLOR" />
      </value>
    </option>
    <option name="JS.KEYWORD">
      <value>
        <option name="FOREGROUND" value="729fcf" />
        <option name="BACKGROUND" />
        <option name="FONT_TYPE" value="0" />
        <option name="EFFECT_COLOR" />
        <option name="EFFECT_TYPE" value="0" />
        <option name="ERROR_STRIPE_COLOR" />
      </value>
    </option>
    <option name="JS.LINE_COMMENT">
      <value>
        <option name="FOREGROUND" value="818e96" />
        <option name="BACKGROUND" />
        <option name="FONT_TYPE" value="0" />
        <option name="EFFECT_COLOR" />
        <option name="EFFECT_TYPE" value="0" />
        <option name="ERROR_STRIPE_COLOR" />
      </value>
    </option>
    <option name="JS.LOCAL_VARIABLE">
      <value>
        <option name="FOREGROUND" />
        <option name="BACKGROUND" />
        <option name="FONT_TYPE" value="0" />
        <option name="EFFECT_COLOR" />
        <option name="EFFECT_TYPE" value="-1" />
        <option name="ERROR_STRIPE_COLOR" />
      </value>
    </option>
    <option name="JS.NUMBER">
      <value>
        <option name="FOREGROUND" value="ffcd22" />
        <option name="BACKGROUND" />
        <option name="FONT_TYPE" value="0" />
        <option name="EFFECT_COLOR" />
        <option name="EFFECT_TYPE" value="0" />
        <option name="ERROR_STRIPE_COLOR" />
      </value>
    </option>
    <option name="JS.PARAMETER">
      <value>
        <option name="FOREGROUND" />
        <option name="BACKGROUND" />
        <option name="FONT_TYPE" value="0" />
        <option name="EFFECT_COLOR" value="808080" />
        <option name="EFFECT_TYPE" value="1" />
        <option name="ERROR_STRIPE_COLOR" />
      </value>
    </option>
    <option name="JS.PARENTHS">
      <value>
        <option name="FOREGROUND" value="e8e2b7" />
        <option name="BACKGROUND" />
        <option name="FONT_TYPE" value="0" />
        <option name="EFFECT_COLOR" />
        <option name="EFFECT_TYPE" value="0" />
        <option name="ERROR_STRIPE_COLOR" />
      </value>
    </option>
    <option name="JS.REGEXP">
      <value>
        <option name="FOREGROUND" value="d39745" />
        <option name="BACKGROUND" />
        <option name="FONT_TYPE" value="0" />
        <option name="EFFECT_COLOR" />
        <option name="EFFECT_TYPE" value="-1" />
        <option name="ERROR_STRIPE_COLOR" />
      </value>
    </option>
    <option name="JS.STATIC_MEMBER_VARIABLE">
      <value>
        <option name="FOREGROUND" value="660e7a" />
        <option name="BACKGROUND" />
        <option name="FONT_TYPE" value="2" />
        <option name="EFFECT_COLOR" />
        <option name="EFFECT_TYPE" value="0" />
        <option name="ERROR_STRIPE_COLOR" />
      </value>
    </option>
    <option name="JS.STRING">
      <value>
        <option name="FOREGROUND" value="9acf70" />
        <option name="BACKGROUND" />
        <option name="FONT_TYPE" value="0" />
        <option name="EFFECT_COLOR" />
        <option name="EFFECT_TYPE" value="0" />
        <option name="ERROR_STRIPE_COLOR" />
      </value>
    </option>
    <option name="JS.VALID_STRING_ESCAPE">
      <value>
        <option name="FOREGROUND" value="808080" />
        <option name="BACKGROUND" />
        <option name="FONT_TYPE" value="0" />
        <option name="EFFECT_COLOR" />
        <option name="EFFECT_TYPE" value="0" />
        <option name="ERROR_STRIPE_COLOR" />
      </value>
    </option>
    <option name="JSP_ATTRIBUTE_NAME">
      <value>
        <option name="FOREGROUND" value="678cb1" />
        <option name="BACKGROUND" />
        <option name="FONT_TYPE" value="0" />
        <option name="EFFECT_COLOR" />
        <option name="EFFECT_TYPE" value="0" />
        <option name="ERROR_STRIPE_COLOR" />
      </value>
    </option>
    <option name="JSP_ATTRIBUTE_VALUE">
      <value>
        <option name="FOREGROUND" value="ec7600" />
        <option name="BACKGROUND" />
        <option name="FONT_TYPE" value="0" />
        <option name="EFFECT_COLOR" />
        <option name="EFFECT_TYPE" value="0" />
        <option name="ERROR_STRIPE_COLOR" />
      </value>
    </option>
    <option name="JSP_COMMENT">
      <value>
        <option name="FOREGROUND" value="66747b" />
        <option name="BACKGROUND" />
        <option name="FONT_TYPE" value="0" />
        <option name="EFFECT_COLOR" />
        <option name="EFFECT_TYPE" value="0" />
        <option name="ERROR_STRIPE_COLOR" />
      </value>
    </option>
    <option name="JSP_DIRECTIVE_BACKGROUND">
      <value>
        <option name="FOREGROUND" />
        <option name="BACKGROUND" />
        <option name="FONT_TYPE" value="0" />
        <option name="EFFECT_COLOR" />
        <option name="EFFECT_TYPE" value="0" />
        <option name="ERROR_STRIPE_COLOR" />
      </value>
    </option>
    <option name="JSP_DIRECTIVE_NAME">
      <value>
        <option name="FOREGROUND" value="93c763" />
        <option name="BACKGROUND" />
        <option name="FONT_TYPE" value="1" />
        <option name="EFFECT_COLOR" />
        <option name="EFFECT_TYPE" value="0" />
        <option name="ERROR_STRIPE_COLOR" />
      </value>
    </option>
    <option name="JSP_SCRIPTING_BACKGROUND">
      <value>
        <option name="FOREGROUND" value="d955c1" />
        <option name="BACKGROUND" />
        <option name="FONT_TYPE" value="0" />
        <option name="EFFECT_COLOR" />
        <option name="EFFECT_TYPE" value="0" />
        <option name="ERROR_STRIPE_COLOR" />
      </value>
    </option>
    <option name="MATCHED_BRACE_ATTRIBUTES">
      <value>
        <option name="FOREGROUND" value="f3db2e" />
        <option name="BACKGROUND" value="333333" />
        <option name="FONT_TYPE" value="0" />
        <option name="EFFECT_COLOR" />
        <option name="EFFECT_TYPE" value="0" />
        <option name="ERROR_STRIPE_COLOR" />
      </value>
    </option>
    <option name="PHP_BAD_CHARACTER">
      <value>
        <option name="FOREGROUND" value="ff6600" />
        <option name="BACKGROUND" />
        <option name="FONT_TYPE" value="0" />
        <option name="EFFECT_COLOR" />
        <option name="EFFECT_TYPE" value="0" />
        <option name="ERROR_STRIPE_COLOR" />
      </value>
    </option>
    <option name="PHP_BRACKETS">
      <value>
        <option name="FOREGROUND" />
        <option name="BACKGROUND" />
        <option name="FONT_TYPE" value="0" />
        <option name="EFFECT_COLOR" />
        <option name="EFFECT_TYPE" value="1" />
        <option name="ERROR_STRIPE_COLOR" />
      </value>
    </option>
    <option name="PHP_COMMENT">
      <value>
        <option name="FOREGROUND" value="66747b" />
        <option name="BACKGROUND" />
        <option name="FONT_TYPE" value="0" />
        <option name="EFFECT_COLOR" />
        <option name="EFFECT_TYPE" value="0" />
        <option name="ERROR_STRIPE_COLOR" />
      </value>
    </option>
    <option name="PHP_CONSTANT">
      <value>
        <option name="FOREGROUND" value="9bd8df" />
        <option name="BACKGROUND" />
        <option name="FONT_TYPE" value="0" />
        <option name="EFFECT_COLOR" />
        <option name="EFFECT_TYPE" value="1" />
        <option name="ERROR_STRIPE_COLOR" />
      </value>
    </option>
    <option name="PHP_DOC_COMMENT_ID">
      <value>
        <option name="FOREGROUND" value="66747b" />
        <option name="BACKGROUND" />
        <option name="FONT_TYPE" value="0" />
        <option name="EFFECT_COLOR" />
        <option name="EFFECT_TYPE" value="0" />
        <option name="ERROR_STRIPE_COLOR" />
      </value>
    </option>
    <option name="PHP_DOC_TAG">
      <value>
        <option name="FOREGROUND" />
        <option name="BACKGROUND" />
        <option name="FONT_TYPE" value="0" />
        <option name="EFFECT_COLOR" />
        <option name="EFFECT_TYPE" value="1" />
        <option name="ERROR_STRIPE_COLOR" />
      </value>
    </option>
    <option name="PHP_ESCAPE_SEQUENCE">
      <value>
        <option name="FOREGROUND" value="996600" />
        <option name="BACKGROUND" />
        <option name="FONT_TYPE" value="0" />
        <option name="EFFECT_COLOR" />
        <option name="EFFECT_TYPE" value="0" />
        <option name="ERROR_STRIPE_COLOR" />
      </value>
    </option>
    <option name="PHP_EXEC_COMMAND_ID">
      <value>
        <option name="FOREGROUND" value="ccccff" />
        <option name="BACKGROUND" value="3366" />
        <option name="FONT_TYPE" value="0" />
        <option name="EFFECT_COLOR" />
        <option name="EFFECT_TYPE" value="0" />
        <option name="ERROR_STRIPE_COLOR" />
      </value>
    </option>
    <option name="PHP_HEREDOC_CONTENT">
      <value>
        <option name="FOREGROUND" />
        <option name="BACKGROUND" />
        <option name="FONT_TYPE" value="0" />
        <option name="EFFECT_COLOR" />
        <option name="EFFECT_TYPE" value="0" />
        <option name="ERROR_STRIPE_COLOR" />
      </value>
    </option>
    <option name="PHP_HEREDOC_ID">
      <value>
        <option name="FOREGROUND" value="808080" />
        <option name="BACKGROUND" />
        <option name="FONT_TYPE" value="0" />
        <option name="EFFECT_COLOR" value="808080" />
        <option name="EFFECT_TYPE" value="1" />
        <option name="ERROR_STRIPE_COLOR" />
      </value>
    </option>
    <option name="PHP_IDENTIFIER">
      <value>
        <option name="FOREGROUND" />
        <option name="BACKGROUND" />
        <option name="FONT_TYPE" value="0" />
        <option name="EFFECT_COLOR" />
        <option name="EFFECT_TYPE" value="1" />
        <option name="ERROR_STRIPE_COLOR" />
      </value>
    </option>
    <option name="PHP_KEYWORD">
      <value>
        <option name="FOREGROUND" value="729fcf" />
        <option name="BACKGROUND" />
        <option name="FONT_TYPE" value="0" />
        <option name="EFFECT_COLOR" />
        <option name="EFFECT_TYPE" value="1" />
        <option name="ERROR_STRIPE_COLOR" />
      </value>
    </option>
    <option name="PHP_NUMBER">
      <value>
        <option name="FOREGROUND" value="ffe124" />
        <option name="BACKGROUND" />
        <option name="FONT_TYPE" value="0" />
        <option name="EFFECT_COLOR" />
        <option name="EFFECT_TYPE" value="0" />
        <option name="ERROR_STRIPE_COLOR" />
      </value>
    </option>
    <option name="PHP_OPERATION_SIGN">
      <value>
        <option name="FOREGROUND" value="e8e2b7" />
        <option name="BACKGROUND" />
        <option name="FONT_TYPE" value="0" />
        <option name="EFFECT_COLOR" />
        <option name="EFFECT_TYPE" value="0" />
        <option name="ERROR_STRIPE_COLOR" />
      </value>
    </option>
    <option name="PHP_PREDEFINED SYMBOL">
      <value>
        <option name="FOREGROUND" value="e88a43" />
        <option name="BACKGROUND" />
        <option name="FONT_TYPE" value="0" />
        <option name="EFFECT_COLOR" />
        <option name="EFFECT_TYPE" value="1" />
        <option name="ERROR_STRIPE_COLOR" />
      </value>
    </option>
    <option name="PHP_SCRIPTING_BACKGROUND">
      <value>
        <option name="FOREGROUND" />
        <option name="BACKGROUND" />
        <option name="FONT_TYPE" value="0" />
        <option name="EFFECT_COLOR" />
        <option name="EFFECT_TYPE" value="1" />
        <option name="ERROR_STRIPE_COLOR" />
      </value>
    </option>
    <option name="PHP_SEMICOLON">
      <value>
        <option name="FOREGROUND" value="808080" />
        <option name="BACKGROUND" />
        <option name="FONT_TYPE" value="0" />
        <option name="EFFECT_COLOR" />
        <option name="EFFECT_TYPE" value="0" />
        <option name="ERROR_STRIPE_COLOR" />
      </value>
    </option>
    <option name="PHP_STRING">
      <value>
        <option name="FOREGROUND" value="a6de78" />
        <option name="BACKGROUND" />
        <option name="FONT_TYPE" value="0" />
        <option name="EFFECT_COLOR" />
        <option name="EFFECT_TYPE" value="0" />
        <option name="ERROR_STRIPE_COLOR" />
      </value>
    </option>
    <option name="PHP_TAG">
      <value>
        <option name="FOREGROUND" value="5bff5b" />
        <option name="BACKGROUND" value="212121" />
        <option name="FONT_TYPE" value="0" />
        <option name="EFFECT_COLOR" />
        <option name="EFFECT_TYPE" value="5" />
        <option name="ERROR_STRIPE_COLOR" />
      </value>
    </option>
    <option name="PHP_VAR">
      <value>
        <option name="FOREGROUND" />
        <option name="BACKGROUND" />
        <option name="FONT_TYPE" value="0" />
        <option name="EFFECT_COLOR" />
        <option name="EFFECT_TYPE" value="4" />
        <option name="ERROR_STRIPE_COLOR" />
      </value>
    </option>
    <option name="REGEXP.CHAR_CLASS">
      <value>
        <option name="FOREGROUND" value="808000" />
        <option name="BACKGROUND" />
        <option name="FONT_TYPE" value="0" />
        <option name="EFFECT_COLOR" />
        <option name="EFFECT_TYPE" value="0" />
        <option name="ERROR_STRIPE_COLOR" />
      </value>
    </option>
    <option name="REGEXP.ESC_CHARACTER">
      <value>
        <option name="FOREGROUND" value="ff6600" />
        <option name="BACKGROUND" />
        <option name="FONT_TYPE" value="0" />
        <option name="EFFECT_COLOR" />
        <option name="EFFECT_TYPE" value="0" />
        <option name="ERROR_STRIPE_COLOR" />
      </value>
    </option>
    <option name="REGEXP.META">
      <value>
        <option name="FOREGROUND" value="99ff00" />
        <option name="BACKGROUND" />
        <option name="FONT_TYPE" value="0" />
        <option name="EFFECT_COLOR" />
        <option name="EFFECT_TYPE" value="0" />
        <option name="ERROR_STRIPE_COLOR" />
      </value>
    </option>
    <option name="REGEXP.QUOTE_CHARACTER">
      <value>
        <option name="FOREGROUND" value="808000" />
        <option name="BACKGROUND" />
        <option name="FONT_TYPE" value="0" />
        <option name="EFFECT_COLOR" />
        <option name="EFFECT_TYPE" value="0" />
        <option name="ERROR_STRIPE_COLOR" />
      </value>
    </option>
    <option name="REGEXP.REDUNDANT_ESCAPE">
      <value>
        <option name="FOREGROUND" value="808000" />
        <option name="BACKGROUND" />
        <option name="FONT_TYPE" value="0" />
        <option name="EFFECT_COLOR" />
        <option name="EFFECT_TYPE" value="0" />
        <option name="ERROR_STRIPE_COLOR" />
      </value>
    </option>
    <option name="SCOPE_KEY_All">
      <value>
        <option name="FOREGROUND" />
        <option name="BACKGROUND" />
        <option name="FONT_TYPE" value="0" />
        <option name="EFFECT_COLOR" />
        <option name="EFFECT_TYPE" value="0" />
        <option name="ERROR_STRIPE_COLOR" />
      </value>
    </option>
    <option name="SCOPE_KEY_Changed Files">
      <value>
        <option name="FOREGROUND" />
        <option name="BACKGROUND" />
        <option name="FONT_TYPE" value="0" />
        <option name="EFFECT_COLOR" />
        <option name="EFFECT_TYPE" value="0" />
        <option name="ERROR_STRIPE_COLOR" />
      </value>
    </option>
    <option name="SCOPE_KEY_Configs">
      <value>
        <option name="FOREGROUND" />
        <option name="BACKGROUND" />
        <option name="FONT_TYPE" value="0" />
        <option name="EFFECT_COLOR" />
        <option name="EFFECT_TYPE" value="0" />
        <option name="ERROR_STRIPE_COLOR" />
      </value>
    </option>
    <option name="SCOPE_KEY_Controllers">
      <value>
        <option name="FOREGROUND" />
        <option name="BACKGROUND" />
        <option name="FONT_TYPE" value="0" />
        <option name="EFFECT_COLOR" />
        <option name="EFFECT_TYPE" value="0" />
        <option name="ERROR_STRIPE_COLOR" />
      </value>
    </option>
    <option name="SCOPE_KEY_Default">
      <value>
        <option name="FOREGROUND" />
        <option name="BACKGROUND" />
        <option name="FONT_TYPE" value="0" />
        <option name="EFFECT_COLOR" />
        <option name="EFFECT_TYPE" value="0" />
        <option name="ERROR_STRIPE_COLOR" />
      </value>
    </option>
    <option name="SCOPE_KEY_Models">
      <value>
        <option name="FOREGROUND" />
        <option name="BACKGROUND" />
        <option name="FONT_TYPE" value="0" />
        <option name="EFFECT_COLOR" />
        <option name="EFFECT_TYPE" value="0" />
        <option name="ERROR_STRIPE_COLOR" />
      </value>
    </option>
    <option name="SCOPE_KEY_Modules">
      <value>
        <option name="FOREGROUND" />
        <option name="BACKGROUND" />
        <option name="FONT_TYPE" value="0" />
        <option name="EFFECT_COLOR" />
        <option name="EFFECT_TYPE" value="0" />
        <option name="ERROR_STRIPE_COLOR" />
      </value>
    </option>
    <option name="SCOPE_KEY_Non-Project Files">
      <value>
        <option name="FOREGROUND" />
        <option name="BACKGROUND" />
        <option name="FONT_TYPE" value="0" />
        <option name="EFFECT_COLOR" />
        <option name="EFFECT_TYPE" value="0" />
        <option name="ERROR_STRIPE_COLOR" />
      </value>
    </option>
    <option name="SCOPE_KEY_Problems">
      <value>
        <option name="FOREGROUND" />
        <option name="BACKGROUND" />
        <option name="FONT_TYPE" value="0" />
        <option name="EFFECT_COLOR" />
        <option name="EFFECT_TYPE" value="0" />
        <option name="ERROR_STRIPE_COLOR" />
      </value>
    </option>
    <option name="SCOPE_KEY_Project Files">
      <value>
        <option name="FOREGROUND" />
        <option name="BACKGROUND" />
        <option name="FONT_TYPE" value="0" />
        <option name="EFFECT_COLOR" />
        <option name="EFFECT_TYPE" value="0" />
        <option name="ERROR_STRIPE_COLOR" />
      </value>
    </option>
    <option name="SCOPE_KEY_Revert: ">
      <value>
        <option name="FOREGROUND" />
        <option name="BACKGROUND" />
        <option name="FONT_TYPE" value="0" />
        <option name="EFFECT_COLOR" />
        <option name="EFFECT_TYPE" value="0" />
        <option name="ERROR_STRIPE_COLOR" />
      </value>
    </option>
    <option name="SCOPE_KEY_Revert: 271">
      <value>
        <option name="FOREGROUND" />
        <option name="BACKGROUND" />
        <option name="FONT_TYPE" value="0" />
        <option name="EFFECT_COLOR" />
        <option name="EFFECT_TYPE" value="0" />
        <option name="ERROR_STRIPE_COLOR" />
      </value>
    </option>
    <option name="SCOPE_KEY_Revert: 276">
      <value>
        <option name="FOREGROUND" />
        <option name="BACKGROUND" />
        <option name="FONT_TYPE" value="0" />
        <option name="EFFECT_COLOR" />
        <option name="EFFECT_TYPE" value="0" />
        <option name="ERROR_STRIPE_COLOR" />
      </value>
    </option>
    <option name="SCOPE_KEY_Tests">
      <value>
        <option name="FOREGROUND" />
        <option name="BACKGROUND" />
        <option name="FONT_TYPE" value="0" />
        <option name="EFFECT_COLOR" />
        <option name="EFFECT_TYPE" value="0" />
        <option name="ERROR_STRIPE_COLOR" />
      </value>
    </option>
    <option name="SCOPE_KEY_Views">
      <value>
        <option name="FOREGROUND" />
        <option name="BACKGROUND" />
        <option name="FONT_TYPE" value="0" />
        <option name="EFFECT_COLOR" />
        <option name="EFFECT_TYPE" value="0" />
        <option name="ERROR_STRIPE_COLOR" />
      </value>
    </option>
    <option name="SCOPE_KEY_config">
      <value>
        <option name="FOREGROUND" />
        <option name="BACKGROUND" />
        <option name="FONT_TYPE" value="0" />
        <option name="EFFECT_COLOR" />
        <option name="EFFECT_TYPE" value="0" />
        <option name="ERROR_STRIPE_COLOR" />
      </value>
    </option>
    <option name="SCOPE_KEY_configs">
      <value>
        <option name="FOREGROUND" />
        <option name="BACKGROUND" />
        <option name="FONT_TYPE" value="0" />
        <option name="EFFECT_COLOR" />
        <option name="EFFECT_TYPE" value="0" />
        <option name="ERROR_STRIPE_COLOR" />
      </value>
    </option>
    <option name="SEARCH_RESULT_ATTRIBUTES">
      <value>
        <option name="FOREGROUND" value="0" />
        <option name="BACKGROUND" value="ccccff" />
        <option name="FONT_TYPE" value="0" />
        <option name="EFFECT_COLOR" />
        <option name="EFFECT_TYPE" value="0" />
        <option name="ERROR_STRIPE_COLOR" />
      </value>
    </option>
    <option name="SMARTY_BACKGROUND">
      <value>
        <option name="FOREGROUND" />
        <option name="BACKGROUND" />
        <option name="FONT_TYPE" value="0" />
        <option name="EFFECT_COLOR" />
        <option name="EFFECT_TYPE" value="0" />
        <option name="ERROR_STRIPE_COLOR" />
      </value>
    </option>
    <option name="SMARTY_BAD_CHARACTER">
      <value>
        <option name="FOREGROUND" />
        <option name="BACKGROUND" />
        <option name="FONT_TYPE" value="0" />
        <option name="EFFECT_COLOR" />
        <option name="EFFECT_TYPE" value="0" />
        <option name="ERROR_STRIPE_COLOR" />
      </value>
    </option>
    <option name="SMARTY_KEYWORD">
      <value>
        <option name="FOREGROUND" value="54a0de" />
        <option name="BACKGROUND" />
        <option name="FONT_TYPE" value="0" />
        <option name="EFFECT_COLOR" />
        <option name="EFFECT_TYPE" value="0" />
        <option name="ERROR_STRIPE_COLOR" />
      </value>
    </option>
    <option name="SMARTY_NUMBER">
      <value>
        <option name="FOREGROUND" value="f0ff4c" />
        <option name="BACKGROUND" />
        <option name="FONT_TYPE" value="0" />
        <option name="EFFECT_COLOR" />
        <option name="EFFECT_TYPE" value="0" />
        <option name="ERROR_STRIPE_COLOR" />
      </value>
    </option>
    <option name="SMARTY_STRING">
      <value>
        <option name="FOREGROUND" value="95db01" />
        <option name="BACKGROUND" />
        <option name="FONT_TYPE" value="0" />
        <option name="EFFECT_COLOR" />
        <option name="EFFECT_TYPE" value="0" />
        <option name="ERROR_STRIPE_COLOR" />
      </value>
    </option>
    <option name="SQL_BAD_CHARACTER">
      <value>
        <option name="FOREGROUND" value="ffffff" />
        <option name="BACKGROUND" value="ff342f" />
        <option name="FONT_TYPE" value="0" />
        <option name="EFFECT_COLOR" />
        <option name="EFFECT_TYPE" value="0" />
        <option name="ERROR_STRIPE_COLOR" />
      </value>
    </option>
    <option name="SQL_COLUMN">
      <value>
        <option name="FOREGROUND" value="668cb0" />
        <option name="BACKGROUND" />
        <option name="FONT_TYPE" value="0" />
        <option name="EFFECT_COLOR" />
        <option name="EFFECT_TYPE" value="0" />
        <option name="ERROR_STRIPE_COLOR" />
      </value>
    </option>
    <option name="SQL_COMMENT">
      <value>
        <option name="FOREGROUND" value="66747b" />
        <option name="BACKGROUND" />
        <option name="FONT_TYPE" value="0" />
        <option name="EFFECT_COLOR" />
        <option name="EFFECT_TYPE" value="0" />
        <option name="ERROR_STRIPE_COLOR" />
      </value>
    </option>
    <option name="SQL_KEYWORD">
      <value>
        <option name="FOREGROUND" value="93c763" />
        <option name="BACKGROUND" />
        <option name="FONT_TYPE" value="0" />
        <option name="EFFECT_COLOR" />
        <option name="EFFECT_TYPE" value="0" />
        <option name="ERROR_STRIPE_COLOR" />
      </value>
    </option>
    <option name="SQL_NUMBER">
      <value>
        <option name="FOREGROUND" value="ffcd22" />
        <option name="BACKGROUND" />
        <option name="FONT_TYPE" value="0" />
        <option name="EFFECT_COLOR" />
        <option name="EFFECT_TYPE" value="0" />
        <option name="ERROR_STRIPE_COLOR" />
      </value>
    </option>
    <option name="SQL_STRING">
      <value>
        <option name="FOREGROUND" value="ec7600" />
        <option name="BACKGROUND" />
        <option name="FONT_TYPE" value="0" />
        <option name="EFFECT_COLOR" />
        <option name="EFFECT_TYPE" value="0" />
        <option name="ERROR_STRIPE_COLOR" />
      </value>
    </option>
    <option name="TEMPLATE_VARIABLE_ATTRIBUTES">
      <value>
        <option name="FOREGROUND" value="cc99ff" />
        <option name="BACKGROUND" />
        <option name="FONT_TYPE" value="2" />
        <option name="EFFECT_COLOR" />
        <option name="EFFECT_TYPE" value="0" />
        <option name="ERROR_STRIPE_COLOR" />
      </value>
    </option>
    <option name="TEXT">
      <value>
        <option name="FOREGROUND" value="e0e2e4" />
        <option name="BACKGROUND" value="293134" />
        <option name="FONT_TYPE" value="0" />
        <option name="EFFECT_COLOR" />
        <option name="EFFECT_TYPE" value="0" />
        <option name="ERROR_STRIPE_COLOR" />
      </value>
    </option>
    <option name="TEXT_SEARCH_RESULT_ATTRIBUTES">
      <value>
        <option name="FOREGROUND" />
        <option name="BACKGROUND" />
        <option name="FONT_TYPE" value="0" />
        <option name="EFFECT_COLOR" value="ffff00" />
        <option name="EFFECT_TYPE" value="0" />
        <option name="ERROR_STRIPE_COLOR" value="ff00" />
      </value>
    </option>
    <option name="TODO_DEFAULT_ATTRIBUTES">
      <value>
        <option name="FOREGROUND" value="ffffff" />
        <option name="BACKGROUND" value="800000" />
        <option name="FONT_TYPE" value="2" />
        <option name="EFFECT_COLOR" />
        <option name="EFFECT_TYPE" value="0" />
        <option name="ERROR_STRIPE_COLOR" value="ff" />
      </value>
    </option>
    <option name="TWIG_BACKGROUND">
      <value>
        <option name="FOREGROUND" />
        <option name="BACKGROUND" />
        <option name="FONT_TYPE" value="0" />
        <option name="EFFECT_COLOR" />
        <option name="EFFECT_TYPE" value="0" />
        <option name="ERROR_STRIPE_COLOR" />
      </value>
    </option>
    <option name="TWIG_KEYWORD">
      <value>
        <option name="FOREGROUND" value="67a8f5" />
        <option name="BACKGROUND" />
        <option name="FONT_TYPE" value="0" />
        <option name="EFFECT_COLOR" />
        <option name="EFFECT_TYPE" value="0" />
        <option name="ERROR_STRIPE_COLOR" />
      </value>
    </option>
    <option name="TWIG_NUMBER">
      <value>
        <option name="FOREGROUND" value="f9ff21" />
        <option name="BACKGROUND" />
        <option name="FONT_TYPE" value="0" />
        <option name="EFFECT_COLOR" />
        <option name="EFFECT_TYPE" value="0" />
        <option name="ERROR_STRIPE_COLOR" />
      </value>
    </option>
    <option name="TWIG_STRING">
      <value>
        <option name="FOREGROUND" value="7cc652" />
        <option name="BACKGROUND" />
        <option name="FONT_TYPE" value="0" />
        <option name="EFFECT_COLOR" />
        <option name="EFFECT_TYPE" value="0" />
        <option name="ERROR_STRIPE_COLOR" />
      </value>
    </option>
    <option name="TYPO">
      <value>
        <option name="FOREGROUND" />
        <option name="BACKGROUND" />
        <option name="FONT_TYPE" value="0" />
        <option name="EFFECT_COLOR" value="666666" />
        <option name="EFFECT_TYPE" value="2" />
        <option name="ERROR_STRIPE_COLOR" />
      </value>
    </option>
    <option name="UNMATCHED_BRACE_ATTRIBUTES">
      <value>
        <option name="FOREGROUND" value="ff0000" />
        <option name="BACKGROUND" value="333333" />
        <option name="FONT_TYPE" value="0" />
        <option name="EFFECT_COLOR" />
        <option name="EFFECT_TYPE" value="0" />
        <option name="ERROR_STRIPE_COLOR" />
      </value>
    </option>
    <option name="WARNING_ATTRIBUTES">
      <value>
        <option name="FOREGROUND" />
        <option name="BACKGROUND" />
        <option name="FONT_TYPE" value="0" />
        <option name="EFFECT_COLOR" value="515a5d" />
        <option name="EFFECT_TYPE" value="2" />
        <option name="ERROR_STRIPE_COLOR" />
      </value>
    </option>
    <option name="WRITE_IDENTIFIER_UNDER_CARET_ATTRIBUTES">
      <value>
        <option name="FOREGROUND" value="ffff66" />
        <option name="BACKGROUND" />
        <option name="FONT_TYPE" value="0" />
        <option name="EFFECT_COLOR" />
        <option name="EFFECT_TYPE" value="1" />
        <option name="ERROR_STRIPE_COLOR" value="ffcdff" />
      </value>
    </option>
    <option name="WRITE_SEARCH_RESULT_ATTRIBUTES">
      <value>
        <option name="FOREGROUND" />
        <option name="BACKGROUND" value="33cc" />
        <option name="FONT_TYPE" value="0" />
        <option name="EFFECT_COLOR" />
        <option name="EFFECT_TYPE" value="0" />
        <option name="ERROR_STRIPE_COLOR" />
      </value>
    </option>
    <option name="WRONG_REFERENCES_ATTRIBUTES">
      <value>
        <option name="FOREGROUND" value="ff5959" />
        <option name="BACKGROUND" />
        <option name="FONT_TYPE" value="0" />
        <option name="EFFECT_COLOR" />
        <option name="EFFECT_TYPE" value="0" />
        <option name="ERROR_STRIPE_COLOR" />
      </value>
    </option>
    <option name="XML_ATTRIBUTE_NAME">
      <value>
        <option name="FOREGROUND" value="b3b689" />
        <option name="BACKGROUND" />
        <option name="FONT_TYPE" value="0" />
        <option name="EFFECT_COLOR" />
        <option name="EFFECT_TYPE" value="1" />
        <option name="ERROR_STRIPE_COLOR" />
      </value>
    </option>
    <option name="XML_ATTRIBUTE_VALUE">
      <value>
        <option name="FOREGROUND" value="e1e2cf" />
        <option name="BACKGROUND" />
        <option name="FONT_TYPE" value="0" />
        <option name="EFFECT_COLOR" />
        <option name="EFFECT_TYPE" value="0" />
        <option name="ERROR_STRIPE_COLOR" />
      </value>
    </option>
    <option name="XML_COMMENT">
      <value>
        <option name="FOREGROUND" value="66747b" />
        <option name="BACKGROUND" />
        <option name="FONT_TYPE" value="0" />
        <option name="EFFECT_COLOR" />
        <option name="EFFECT_TYPE" value="0" />
        <option name="ERROR_STRIPE_COLOR" />
      </value>
    </option>
    <option name="XML_ENTITY_REFERENCE">
      <value>
        <option name="FOREGROUND" value="ff66cc" />
        <option name="BACKGROUND" />
        <option name="FONT_TYPE" value="0" />
        <option name="EFFECT_COLOR" />
        <option name="EFFECT_TYPE" value="0" />
        <option name="ERROR_STRIPE_COLOR" />
      </value>
    </option>
    <option name="XML_TAG">
      <value>
        <option name="FOREGROUND" />
        <option name="BACKGROUND" />
        <option name="FONT_TYPE" value="0" />
        <option name="EFFECT_COLOR" />
        <option name="EFFECT_TYPE" value="0" />
        <option name="ERROR_STRIPE_COLOR" />
      </value>
    </option>
    <option name="XML_TAG_DATA">
      <value>
        <option name="FOREGROUND" />
        <option name="BACKGROUND" />
        <option name="FONT_TYPE" value="0" />
        <option name="EFFECT_COLOR" />
        <option name="EFFECT_TYPE" value="0" />
        <option name="ERROR_STRIPE_COLOR" />
      </value>
    </option>
    <option name="XML_TAG_NAME">
      <value>
        <option name="FOREGROUND" value="678cb1" />
        <option name="BACKGROUND" />
        <option name="FONT_TYPE" value="0" />
        <option name="EFFECT_COLOR" />
        <option name="EFFECT_TYPE" value="0" />
        <option name="ERROR_STRIPE_COLOR" />
      </value>
    </option>
    <option name="XPATH.KEYWORD">
      <value>
        <option name="FOREGROUND" value="729fcf" />
        <option name="BACKGROUND" />
        <option name="FONT_TYPE" value="0" />
        <option name="EFFECT_COLOR" />
        <option name="EFFECT_TYPE" value="0" />
        <option name="ERROR_STRIPE_COLOR" />
      </value>
    </option>
    <option name="XPATH.NUMBER">
      <value>
        <option name="FOREGROUND" />
        <option name="BACKGROUND" />
        <option name="FONT_TYPE" value="0" />
        <option name="EFFECT_COLOR" />
        <option name="EFFECT_TYPE" value="0" />
        <option name="ERROR_STRIPE_COLOR" />
      </value>
    </option>
    <option name="XPATH.STRING">
      <value>
        <option name="FOREGROUND" value="a5de78" />
        <option name="BACKGROUND" />
        <option name="FONT_TYPE" value="0" />
        <option name="EFFECT_COLOR" />
        <option name="EFFECT_TYPE" value="0" />
        <option name="ERROR_STRIPE_COLOR" />
      </value>
    </option>
    <option name="XPATH.XPATH_VARIABLE">
      <value>
        <option name="FOREGROUND" value="ffff" />
        <option name="BACKGROUND" />
        <option name="FONT_TYPE" value="0" />
        <option name="EFFECT_COLOR" />
        <option name="EFFECT_TYPE" value="0" />
        <option name="ERROR_STRIPE_COLOR" />
      </value>
    </option>
    <option name="YAML_COMMENT">
      <value>
        <option name="FOREGROUND" value="66747b" />
        <option name="BACKGROUND" />
        <option name="FONT_TYPE" value="0" />
        <option name="EFFECT_COLOR" />
        <option name="EFFECT_TYPE" value="0" />
        <option name="ERROR_STRIPE_COLOR" />
      </value>
    </option>
    <option name="YAML_SCALAR_DSTRING">
      <value>
        <option name="FOREGROUND" value="e1e2cf" />
        <option name="BACKGROUND" />
        <option name="FONT_TYPE" value="1" />
        <option name="EFFECT_COLOR" />
        <option name="EFFECT_TYPE" value="0" />
        <option name="ERROR_STRIPE_COLOR" />
      </value>
    </option>
    <option name="YAML_SCALAR_KEY">
      <value>
        <option name="FOREGROUND" value="678cb1" />
        <option name="BACKGROUND" />
        <option name="FONT_TYPE" value="1" />
        <option name="EFFECT_COLOR" />
        <option name="EFFECT_TYPE" value="0" />
        <option name="ERROR_STRIPE_COLOR" />
      </value>
    </option>
    <option name="YAML_SCALAR_LIST">
      <value>
        <option name="FOREGROUND" />
        <option name="BACKGROUND" />
        <option name="FONT_TYPE" value="0" />
        <option name="EFFECT_COLOR" />
        <option name="EFFECT_TYPE" value="0" />
        <option name="ERROR_STRIPE_COLOR" />
      </value>
    </option>
    <option name="YAML_SCALAR_STRING">
      <value>
        <option name="FOREGROUND" value="e1e2cf" />
        <option name="BACKGROUND" />
        <option name="FONT_TYPE" value="1" />
        <option name="EFFECT_COLOR" />
        <option name="EFFECT_TYPE" value="0" />
        <option name="ERROR_STRIPE_COLOR" />
      </value>
    </option>
    <option name="YAML_SCALAR_VALUE">
      <value>
        <option name="FOREGROUND" value="93c763" />
        <option name="BACKGROUND" />
        <option name="FONT_TYPE" value="0" />
        <option name="EFFECT_COLOR" />
        <option name="EFFECT_TYPE" value="0" />
        <option name="ERROR_STRIPE_COLOR" />
      </value>
    </option>
    <option name="YAML_TEXT">
      <value>
        <option name="FOREGROUND" value="ffcd22" />
        <option name="BACKGROUND" />
        <option name="FONT_TYPE" value="0" />
        <option name="EFFECT_COLOR" />
        <option name="EFFECT_TYPE" value="0" />
        <option name="ERROR_STRIPE_COLOR" />
      </value>
    </option>
  </attributes>
</scheme>

