<application>
  <component name="FileTypeManager" version="17">
    <extensionMap>
      <mapping ext="info" type="Ini" />
      <mapping ext="install" type="PHP" />
      <mapping ext="test" type="PHP" />
      <mapping ext="engine" type="PHP" />
      <mapping ext="profile" type="PHP" />
      <mapping ext="theme" type="PHP" />
      <mapping ext="ttf" type="PLAIN_TEXT" />
      <mapping ext="trait" type="PLAIN_TEXT" />
      <mapping pattern=".gitignore_global" type="Git file" />
    </extensionMap>
  </component>
</application>